{
  "project_info": {
    "project_number": "86764320962",
    "firebase_url": "https://hiredinn-7b0a1.firebaseio.com",
    "project_id": "hiredinn-7b0a1",
    "storage_bucket": "hiredinn-7b0a1.appspot.com"
  },
  "client": [
    {
      "client_info": {
        "mobilesdk_app_id": "1:86764320962:android:663a7878cb014c50a8a35b",
        "android_client_info": {
          "package_name": "net.smallacademy.authenticatorapp"
        }
      },
      "oauth_client": [
        {
          "client_id": "86764320962-pqhaodsmi3poh4uq2jf2qkd7174ujcko.apps.googleusercontent.com",
          "client_type": 3
        }
      ],
      "api_key": [
        {
          "current_key": "AIzaSyCrDlXBifRSTiLFpLnkbMQB6Xvz90B8nDE"
        }
      ],
      "services": {
        "appinvite_service": {
          "other_platform_oauth_client": [
            {
              "client_id": "86764320962-pqhaodsmi3poh4uq2jf2qkd7174ujcko.apps.googleusercontent.com",
              "client_type": 3
            }
          ]
        }
      }
    }
  ],
  "configuration_version": "1"
}